{
  "mse": 49247795.91262178,
  "rmse": 7017.677387328501,
  "mae": 3137.157732500001,
  "r2_score": 0.8775032213494248,
  "mape": 63.33815939714717
}